filename	read_id	run_id	channel	mux	start_time	duration	template_start	template_duration	sequence_length_template	mean_qscore_template
signal_1035_d75abbf1-fc54-4911-a9e0-5ac5d51a7e02.fast5	d75abbf1-fc54-4911-a9e0-5ac5d51a7e02	c2d19c211888bc09d8e077df271f325c911c1010	100	1	6339.9995	3.95525	6340.0019999999995	3.95275	1806	6.374011927111665
GXB01153_20180614_FAH86841_GA30000_sequencing_run_GIAB_GM24385_UB_Run2_57741_read_10503_ch_415_strand.fast5	52987f6a-7244-4108-a2c6-8c44c89856e7	ef109b4e69e27fcc79395512768b8827eb2cd49e	415	1	4976.042	3.74825	4976.0945	3.69575	1240	6.755379834769633
GXB01153_20180614_FAH86841_GA30000_sequencing_run_GIAB_GM24385_UB_Run2_57741_read_10426_ch_490_strand.fast5	5b8354e5-c54a-4d64-9850-856909cc68dd	ef109b4e69e27fcc79395512768b8827eb2cd49e	490	1	8371.535	39.428	8371.5775	39.3855	14594	6.490077611347327
GXB01153_20180614_FAH86841_GA30000_sequencing_run_GIAB_GM24385_UB_Run2_57741_read_10589_ch_490_strand.fast5	064f987a-6e4b-440f-bcc4-88b0642ea11e	ef109b4e69e27fcc79395512768b8827eb2cd49e	490	1	8834.00125	14.77575	8834.06375	14.71325	5204	6.837387202508339
signal_1034_8c460ec0-f085-40d5-8e27-226caa7efe22.fast5	8c460ec0-f085-40d5-8e27-226caa7efe22	c2d19c211888bc09d8e077df271f325c911c1010	100	1	6339.9995	28.53975	6340.0019999999995	28.53725	13296	6.649897282317905
signal_103_d602078f-63cc-44ef-b4c9-f9a48017f9a7.fast5	d602078f-63cc-44ef-b4c9-f9a48017f9a7	c2d19c211888bc09d8e077df271f325c911c1010	100	1	6339.9995	22.16425	6340.0019999999995	22.161749999999998	10355	6.47100147968274
signal_1037_2bceb392-4fe2-45d6-bdd6-f1f8aa20d3b2.fast5	2bceb392-4fe2-45d6-bdd6-f1f8aa20d3b2	c2d19c211888bc09d8e077df271f325c911c1010	100	1	6339.9995	25.1525	6340.0019999999995	25.15	11714	6.297114443346093
signal_1033_ae604ba4-010b-492e-ac68-056011fa227e.fast5	ae604ba4-010b-492e-ac68-056011fa227e	c2d19c211888bc09d8e077df271f325c911c1010	100	1	6339.9995	20.733	6340.0019999999995	20.7305	9776	6.578517374880233
GXB01153_20180614_FAH86841_GA30000_sequencing_run_GIAB_GM24385_UB_Run2_57741_read_10429_ch_302_strand.fast5	36414293-65a9-429f-b700-94b6f016f1c2	ef109b4e69e27fcc79395512768b8827eb2cd49e	302	1	6154.61725	16.03075	6154.66975	15.978250000000001	2976	7.040864741969049
GXB01153_20180614_FAH86841_GA30000_sequencing_run_GIAB_GM24385_UB_Run2_57741_read_10501_ch_418_strand.fast5	a306bf59-16a4-4bf7-a646-787b2ef831c4	ef109b4e69e27fcc79395512768b8827eb2cd49e	418	2	11758.51225	4.20175	11758.534749999999	4.17925	1372	5.91296456202382
signal_1036_7c039920-fe4f-4d5b-b42d-1e88064452c7.fast5	7c039920-fe4f-4d5b-b42d-1e88064452c7	c2d19c211888bc09d8e077df271f325c911c1010	100	1	6339.9995	4.8375	6340.0019999999995	4.835	2221	6.416706567885937
GXB01153_20180614_FAH86841_GA30000_sequencing_run_GIAB_GM24385_UB_Run2_57741_read_10427_ch_67_strand.fast5	2cafa634-27c9-48bf-a277-bcad49faba95	ef109b4e69e27fcc79395512768b8827eb2cd49e	67	1	4629.05225	29.81425	4629.13475	29.73175	9885	6.474169409729402
GXB01153_20180614_FAH86841_GA30000_sequencing_run_GIAB_GM24385_UB_Run2_57741_read_10507_ch_490_strand.fast5	ecd6cae8-0363-4663-8f5d-be45e8cda5ba	ef109b4e69e27fcc79395512768b8827eb2cd49e	490	1	8483.02875	87.73375	8483.08125	87.68125	29505	6.973810731272852
GXB01153_20180614_FAH86841_GA30000_sequencing_run_GIAB_GM24385_UB_Run2_57741_read_1050_ch_203_strand.fast5	9afb7fb7-9597-44b0-8f92-075702e1458a	ef109b4e69e27fcc79395512768b8827eb2cd49e	203	3	285.301	11.90675	286.1635	11.04425	2994	4.272918402487499
GXB01153_20180614_FAH86841_GA30000_sequencing_run_GIAB_GM24385_UB_Run2_57741_read_10450_ch_412_strand.fast5	d791bd59-fdbe-4657-90b7-6cafad3fec3f	ef109b4e69e27fcc79395512768b8827eb2cd49e	412	1	7085.075	14.6065	7085.3075	14.374	5138	6.726737882448292
GXB01153_20180614_FAH86841_GA30000_sequencing_run_GIAB_GM24385_UB_Run2_57741_read_10596_ch_288_strand.fast5	b5fb9868-9f65-40f5-9bf4-556cdf4249a3	ef109b4e69e27fcc79395512768b8827eb2cd49e	288	1	5648.75625	85.75775	5648.79875	85.71525	36211	5.132028926637703
GXB01153_20180614_FAH86841_GA30000_sequencing_run_GIAB_GM24385_UB_Run2_57741_read_10474_ch_37_strand.fast5	60b7d1ed-e129-4275-838e-d9d9d6d87fc3	ef109b4e69e27fcc79395512768b8827eb2cd49e	37	3	10842.5885	32.61475	10842.610999999999	32.59225	13169	6.519955951027835
GXB01153_20180614_FAH86841_GA30000_sequencing_run_GIAB_GM24385_UB_Run2_57741_read_10471_ch_438_strand.fast5	80ef2826-61f9-45fe-a497-2e812d8fb1d4	ef109b4e69e27fcc79395512768b8827eb2cd49e	438	3	8213.571	7.83825	8213.6235	7.78575	2756	7.335836997308382
signal_1039_5b94d2e7-a671-4bb1-91f4-f38731b5c709.fast5	5b94d2e7-a671-4bb1-91f4-f38731b5c709	c2d19c211888bc09d8e077df271f325c911c1010	100	1	6339.9995	30.068	6340.0019999999995	30.0655	14068	6.3889707148482655
signal_1038_0fb18ad1-fbae-439e-b581-10459637d12b.fast5	0fb18ad1-fbae-439e-b581-10459637d12b	c2d19c211888bc09d8e077df271f325c911c1010	100	1	6339.9995	30.4215	6340.0019999999995	30.419	14236	6.4289596140645155
GXB01153_20180614_FAH86841_GA30000_sequencing_run_GIAB_GM24385_UB_Run2_57741_read_10402_ch_94_strand.fast5	a428d9c3-7f7b-4a93-beaf-f41c7c904df0	ef109b4e69e27fcc79395512768b8827eb2cd49e	94	1	4467.85825	92.3365	4468.8507500000005	91.344	27065	3.38560947366064
GXB01153_20180614_FAH86841_GA30000_sequencing_run_GIAB_GM24385_UB_Run2_57741_read_10538_ch_128_strand.fast5	8147e998-7ef0-47fb-9d24-bc5360f2a9e0	ef109b4e69e27fcc79395512768b8827eb2cd49e	128	1	5473.6105	164.1325	5473.633	164.10999999999999	60084	6.072339638253526
GXB01153_20180614_FAH86841_GA30000_sequencing_run_GIAB_GM24385_UB_Run2_57741_read_10439_ch_17_strand.fast5	eea33b87-402d-4d03-838a-ce00201bdf9a	ef109b4e69e27fcc79395512768b8827eb2cd49e	17	4	2878.9175	220.36375	2878.93	220.35125000000002	75297	6.805125936475537
